<?xml version="1.0" encoding="UTF-8"?>

<channel name="thunar" version="1.0">
  <property name="last-location-bar" type="string" value="ThunarLocationEntry"/>
  <property name="last-view" type="string" value="ThunarIconView"/>
  <property name="last-icon-view-zoom-level" type="string" value="THUNAR_ZOOM_LEVEL_100_PERCENT"/>
  <property name="last-show-hidden" type="bool" value="true"/>
  <property name="last-separator-position" type="int" value="178"/>
  <property name="misc-single-click" type="bool" value="false"/>
  <property name="last-window-maximized" type="bool" value="false"/>
  <property name="last-window-width" type="int" value="646"/>
  <property name="last-window-height" type="int" value="464"/>
  <property name="last-details-view-zoom-level" type="string" value="THUNAR_ZOOM_LEVEL_38_PERCENT"/>
  <property name="last-details-view-column-widths" type="string" value="50,116,50,50,1303,50,50,91,50,139"/>
  <property name="misc-confirm-close-multiple-tabs" type="bool" value="false"/>
</channel>
