<?xml version="1.0" encoding="UTF-8"?>

<channel name="xfce4-panel" version="1.0">
  <property name="panels" type="array">
    <value type="int" value="0"/>
    <property name="panel-0" type="empty">
      <property name="position" type="string" value="p=0;x=36;y=540"/>
      <property name="length" type="uint" value="98"/>
      <property name="position-locked" type="bool" value="true"/>
      <property name="plugin-ids" type="array">
        <value type="int" value="8"/>
        <value type="int" value="4"/>
        <value type="int" value="3"/>
        <value type="int" value="7"/>
        <value type="int" value="6"/>
        <value type="int" value="12"/>
        <value type="int" value="15"/>
        <value type="int" value="17"/>
        <value type="int" value="16"/>
        <value type="int" value="2"/>
        <value type="int" value="9"/>
        <value type="int" value="10"/>
        <value type="int" value="1"/>
      </property>
      <property name="role" type="string" value="xfce4-panel-12965750720"/>
      <property name="length-adjust" type="bool" value="false"/>
      <property name="background-style" type="uint" value="1"/>
      <property name="size" type="uint" value="45"/>
      <property name="mode" type="uint" value="2"/>
      <property name="autohide-behavior" type="uint" value="0"/>
      <property name="disable-struts" type="bool" value="false"/>
      <property name="icon-size" type="uint" value="16"/>
      <property name="background-rgba" type="array">
        <value type="double" value="0.094118"/>
        <value type="double" value="0.121569"/>
        <value type="double" value="0.129412"/>
        <value type="double" value="1.000000"/>
      </property>
    </property>
    <property name="dark-mode" type="bool" value="false"/>
  </property>
  <property name="plugins" type="empty">
    <property name="plugin-4" type="string" value="pager">
      <property name="rows" type="uint" value="4"/>
      <property name="miniature-view" type="bool" value="false"/>
      <property name="workspace-scrolling" type="bool" value="false"/>
      <property name="numbering" type="bool" value="false"/>
    </property>
    <property name="plugin-6" type="string" value="systray">
      <property name="names-visible" type="array">
        <value type="string" value="pnmixer"/>
        <value type="string" value="manjaro-settings-manager-daemon"/>
        <value type="string" value="networkmanager applet"/>
        <value type="string" value="orage"/>
        <value type="string" value="pamac-tray"/>
        <value type="string" value="blueman-applet"/>
        <value type="string" value="clipman"/>
        <value type="string" value="xfce4-power-manager"/>
        <value type="string" value="xnoise"/>
      </property>
      <property name="show-frame" type="bool" value="false"/>
      <property name="known-legacy-items" type="array">
        <value type="string" value="ethernet network connection “wired connection 1” active"/>
        <value type="string" value="thunar"/>
        <value type="string" value="networkmanager applet"/>
      </property>
      <property name="known-items" type="array">
        <value type="string" value="TelegramDesktop"/>
      </property>
      <property name="icon-size" type="int" value="0"/>
      <property name="square-icons" type="bool" value="true"/>
      <property name="single-row" type="bool" value="true"/>
      <property name="hidden-items" type="array">
      </property>
      <property name="hidden-legacy-items" type="array">
      </property>
      <property name="menu-is-primary" type="bool" value="false"/>
      <property name="symbolic-icons" type="bool" value="true"/>
      <property name="hide-new-items" type="bool" value="false"/>
    </property>
    <property name="plugin-7" type="string" value="separator">
      <property name="expand" type="bool" value="true"/>
      <property name="style" type="uint" value="0"/>
    </property>
    <property name="plugin-9" type="string" value="pulseaudio">
      <property name="enable-keyboard-shortcuts" type="bool" value="true"/>
      <property name="mpris-players" type="string" value="chromium.instance1007713;chromium.instance100814;chromium.instance101037;chromium.instance1013096;chromium.instance10168;chromium.instance10292;chromium.instance1045952;chromium.instance10544;chromium.instance1055037;chromium.instance105683;chromium.instance1093113;chromium.instance112147;chromium.instance113121;chromium.instance1154320;chromium.instance1172;chromium.instance11759;chromium.instance1179;chromium.instance1185093;chromium.instance1185301;chromium.instance1186;chromium.instance1194;chromium.instance119637;chromium.instance119732;chromium.instance120328;chromium.instance1206;chromium.instance1215;chromium.instance1222;chromium.instance1245;chromium.instance1247107;chromium.instance1247221;chromium.instance1252;chromium.instance1258;chromium.instance1270268;chromium.instance127901;chromium.instance1279940;chromium.instance128092;chromium.instance1300322;chromium.instance1313450;chromium.instance131839;chromium.instance132008;chromium.instance1322074;chromium.instance133057;chromium.instance1331018;chromium.instance134946;chromium.instance1353;chromium.instance1358321;chromium.instance1377539;chromium.instance1380;chromium.instance138302;chromium.instance1398867;chromium.instance141994;chromium.instance1420748;chromium.instance144175;chromium.instance144477;chromium.instance1471;chromium.instance147700;chromium.instance148298;chromium.instance14837;chromium.instance1490298;chromium.instance1495;chromium.instance153175;chromium.instance1532710;chromium.instance1539;chromium.instance1564;chromium.instance1566;chromium.instance1570647;chromium.instance1575226;chromium.instance1576474;chromium.instance1591597;chromium.instance159862;chromium.instance1606826;chromium.instance1611;chromium.instance163276;chromium.instance1643506;chromium.instance1653;chromium.instance1670190;chromium.instance168839;chromium.instance1701913;chromium.instance170664;chromium.instance1721701;chromium.instance1726995;chromium.instance173658;chromium.instance1743655;chromium.instance17443;chromium.instance1757136;chromium.instance176259;chromium.instance176387;chromium.instance1779;chromium.instance1794834;chromium.instance181448;chromium.instance1829;chromium.instance1856784;chromium.instance186046;chromium.instance1892543;chromium.instance18968;chromium.instance1902;chromium.instance193413;chromium.instance1937322;chromium.instance195159;chromium.instance195411;chromium.instance1964787;chromium.instance1964891;chromium.instance1978719;chromium.instance19845;chromium.instance1987;chromium.instance1992305;chromium.instance1996606;chromium.instance2013274;chromium.instance20270;chromium.instance203447;chromium.instance2063576;chromium.instance2094712;chromium.instance21053;chromium.instance2113345;chromium.instance212425;chromium.instance2144863;chromium.instance2151;chromium.instance2167958;chromium.instance219985;chromium.instance2260113;chromium.instance227605;chromium.instance2283;chromium.instance23187;chromium.instance233555;chromium.instance2345;chromium.instance2350126;chromium.instance236292;chromium.instance236512;chromium.instance238842;chromium.instance2389620;chromium.instance2404259;chromium.instance240589;chromium.instance2444217;chromium.instance24745;chromium.instance2532160;chromium.instance2576975;chromium.instance258044;chromium.instance25869;chromium.instance260417;chromium.instance26218;chromium.instance263893;chromium.instance264981;chromium.instance2658982;chromium.instance2690;chromium.instance2692953;chromium.instance2708;chromium.instance2730748;chromium.instance275005;chromium.instance275717;chromium.instance276609;chromium.instance2772;chromium.instance278487;chromium.instance27945;chromium.instance2829199;chromium.instance2829910;chromium.instance2830829;chromium.instance2843854;chromium.instance284852;chromium.instance287224;chromium.instance2877;chromium.instance289177;chromium.instance2903;chromium.instance29368;chromium.instance2964116;chromium.instance2982197;chromium.instance2984749;chromium.instance304069;chromium.instance305147;chromium.instance306704;chromium.instance3081784;chromium.instance3115006;chromium.instance3151591;chromium.instance319676;chromium.instance322938;chromium.instance32383;chromium.instance324289;chromium.instance3290569;chromium.instance3304;chromium.instance3312488;chromium.instance3336704;chromium.instance33412;chromium.instance335136;chromium.instance335644;chromium.instance3357;chromium.instance337879;chromium.instance338879;chromium.instance3400293;chromium.instance345175;chromium.instance345718;chromium.instance3472374;chromium.instance3505292;chromium.instance3512911;chromium.instance3569947;chromium.instance367121;chromium.instance371627;chromium.instance373912;chromium.instance376970;chromium.instance380051;chromium.instance3832529;chromium.instance38393;chromium.instance38401;chromium.instance3855;chromium.instance385536;chromium.instance3855649;chromium.instance38624;chromium.instance387459;chromium.instance3891358;chromium.instance3902434;chromium.instance39429;chromium.instance399203;chromium.instance400632;chromium.instance400748;chromium.instance401148;chromium.instance4038;chromium.instance4077517;chromium.instance409948;chromium.instance4116358;chromium.instance41517;chromium.instance4313;chromium.instance433713;chromium.instance434278;chromium.instance44118;chromium.instance44799;chromium.instance448163;chromium.instance451832;chromium.instance458397;chromium.instance459892;chromium.instance460010;chromium.instance460227;chromium.instance4624;chromium.instance463392;chromium.instance46506;chromium.instance470338;chromium.instance471832;chromium.instance472928;chromium.instance47847;chromium.instance48103;chromium.instance48430;chromium.instance48912;chromium.instance507621;chromium.instance508091;chromium.instance51198;chromium.instance516836;chromium.instance521248;chromium.instance5252;chromium.instance527263;chromium.instance527809;chromium.instance52782;chromium.instance52816;chromium.instance539067;chromium.instance53952;chromium.instance53981;chromium.instance540987;chromium.instance544833;chromium.instance554418;chromium.instance55461;chromium.instance554997;chromium.instance558095;chromium.instance559736;chromium.instance574676;chromium.instance59144;chromium.instance593976;chromium.instance594968;chromium.instance60567;chromium.instance6066;chromium.instance610984;chromium.instance611150;chromium.instance614786;chromium.instance621590;chromium.instance62180;chromium.instance626117;chromium.instance632155;chromium.instance6367;chromium.instance650126;chromium.instance65306;chromium.instance65728;chromium.instance657729;chromium.instance65813;chromium.instance66362;chromium.instance675271;chromium.instance67614;chromium.instance67828;chromium.instance68474;chromium.instance68645;chromium.instance69712;chromium.instance713806;chromium.instance7147;chromium.instance716765;chromium.instance732131;chromium.instance73956;chromium.instance74196;chromium.instance76064;chromium.instance778628;chromium.instance78073;chromium.instance78247;chromium.instance80770;chromium.instance82026;chromium.instance82071;chromium.instance821809;chromium.instance8255;chromium.instance826165;chromium.instance853440;chromium.instance867204;chromium.instance87242;chromium.instance88419;chromium.instance885017;chromium.instance887726;chromium.instance89347;chromium.instance895707;chromium.instance89572;chromium.instance913109;chromium.instance92416;chromium.instance936604;chromium.instance950375;chromium.instance95127;chromium.instance951550;chromium.instance95515;chromium.instance95932;chromium.instance95982;chromium.instance9605;chromium.instance961239;chromium.instance966591;chromium.instance984964;firefox.instance1025;firefox.instance1034211;firefox.instance1091495;firefox.instance119099;firefox.instance12924;firefox.instance1507059;firefox.instance15112;firefox.instance152623;firefox.instance20524;firefox.instance2078;firefox.instance2683;firefox.instance273736;firefox.instance30813;firefox.instance348818;firefox.instance3732;firefox.instance3870;firefox.instance403123;firefox.instance411361;firefox.instance47568;firefox.instance507691;firefox.instance87844;firefox.instance953212;spotify;vlc"/>
    </property>
    <property name="plugin-8" type="string" value="whiskermenu"/>
    <property name="plugin-10" type="string" value="power-manager-plugin"/>
    <property name="clipman" type="empty">
      <property name="tweaks" type="empty">
        <property name="never-confirm-history-clear" type="bool" value="true"/>
        <property name="max-menu-items" type="uint" value="15"/>
      </property>
    </property>
    <property name="plugin-12" type="string" value="separator">
      <property name="expand" type="bool" value="false"/>
    </property>
    <property name="plugin-15" type="string" value="genmon"/>
    <property name="plugin-16" type="string" value="genmon"/>
    <property name="plugin-17" type="string" value="genmon"/>
    <property name="plugin-1" type="string" value="launcher">
      <property name="items" type="array">
        <value type="string" value="16518400331.desktop"/>
      </property>
    </property>
    <property name="plugin-2" type="string" value="separator"/>
    <property name="plugin-19" type="string" value="docklike"/>
    <property name="plugin-3" type="string" value="docklike"/>
  </property>
  <property name="configver" type="int" value="2"/>
</channel>
