<?xml version="1.0" encoding="UTF-8"?>

<channel name="xfce4-desktop" version="1.0">
  <property name="backdrop" type="empty">
    <property name="screen0" type="empty">
      <property name="monitor0" type="empty">
        <property name="brightness" type="empty"/>
        <property name="color1" type="empty"/>
        <property name="color2" type="empty"/>
        <property name="color-style" type="empty"/>
        <property name="image-path" type="string" value="/home/kali/Pictures/mechanic-keyboard.png"/>
        <property name="image-show" type="empty"/>
        <property name="last-image" type="empty"/>
        <property name="last-single-image" type="empty"/>
        <property name="image-style" type="empty"/>
      </property>
      <property name="monitor1" type="empty">
        <property name="brightness" type="empty"/>
        <property name="color1" type="empty"/>
        <property name="color2" type="empty"/>
        <property name="color-style" type="empty"/>
        <property name="image-path" type="empty"/>
        <property name="image-show" type="empty"/>
        <property name="last-image" type="empty"/>
        <property name="last-single-image" type="empty"/>
        <property name="image-style" type="empty"/>
      </property>
      <property name="monitor2" type="empty">
        <property name="image-path" type="empty"/>
        <property name="image-style" type="empty"/>
        <property name="image-show" type="empty"/>
      </property>
      <property name="monitor3" type="empty">
        <property name="image-path" type="empty"/>
        <property name="image-style" type="empty"/>
        <property name="image-show" type="empty"/>
      </property>
      <property name="monitor4" type="empty">
        <property name="image-path" type="empty"/>
        <property name="image-style" type="empty"/>
        <property name="image-show" type="empty"/>
      </property>
      <property name="monitorHDMI-1" type="empty">
        <property name="workspace4" type="empty">
          <property name="color-style" type="int" value="1"/>
          <property name="image-style" type="int" value="5"/>
          <property name="last-image" type="string" value="/home/kali/.local/share/Wallpapers/everblush_chemical.png"/>
        </property>
        <property name="workspace5" type="empty">
          <property name="color-style" type="int" value="1"/>
          <property name="image-style" type="int" value="5"/>
          <property name="last-image" type="string" value="/home/kali/.local/share/Wallpapers/everblush_chemical.png"/>
        </property>
        <property name="workspace0" type="empty">
          <property name="last-image" type="string" value="/home/kali/Pictures/mechanic-keyboard.png"/>
          <property name="image-style" type="int" value="3"/>
          <property name="color-style" type="int" value="1"/>
        </property>
        <property name="workspace1" type="empty">
          <property name="color-style" type="int" value="1"/>
          <property name="image-style" type="int" value="5"/>
          <property name="last-image" type="string" value="/usr/share/backgrounds/kali-16x9/default"/>
        </property>
        <property name="workspace2" type="empty">
          <property name="color-style" type="int" value="1"/>
          <property name="image-style" type="int" value="5"/>
          <property name="last-image" type="string" value="/usr/share/backgrounds/kali-16x9/default"/>
        </property>
        <property name="workspace3" type="empty">
          <property name="color-style" type="int" value="1"/>
          <property name="image-style" type="int" value="5"/>
          <property name="last-image" type="string" value="/usr/share/backgrounds/kali-16x9/default"/>
        </property>
        <property name="workspace6" type="empty">
          <property name="color-style" type="int" value="1"/>
          <property name="image-style" type="int" value="5"/>
          <property name="last-image" type="string" value="/home/kali/Downloads/wallpaperbetter.com_3840x2160(1).jpg"/>
        </property>
      </property>
      <property name="monitorLVDS-1" type="empty">
        <property name="workspace0" type="empty">
          <property name="color-style" type="int" value="1"/>
          <property name="image-style" type="int" value="5"/>
          <property name="last-image" type="string" value="/home/kali/Downloads/My_XFCE_dotties-Everblush/Dotfiles/Wallpapers/beach.jpg"/>
        </property>
        <property name="workspace1" type="empty">
          <property name="color-style" type="int" value="1"/>
          <property name="image-style" type="int" value="5"/>
          <property name="last-image" type="string" value="/home/kali/Downloads/My_XFCE_dotties-Everblush/Dotfiles/Wallpapers/beach.jpg"/>
        </property>
        <property name="workspace2" type="empty">
          <property name="color-style" type="int" value="1"/>
          <property name="image-style" type="int" value="5"/>
          <property name="last-image" type="string" value="/home/kali/Downloads/My_XFCE_dotties-Everblush/Dotfiles/Wallpapers/beach.jpg"/>
        </property>
        <property name="workspace3" type="empty">
          <property name="color-style" type="int" value="1"/>
          <property name="image-style" type="int" value="5"/>
          <property name="last-image" type="string" value="/home/kali/Downloads/My_XFCE_dotties-Everblush/Dotfiles/Wallpapers/beach.jpg"/>
        </property>
      </property>
      <property name="monitorVGA-1-2" type="empty">
        <property name="workspace0" type="empty">
          <property name="color-style" type="int" value="0"/>
          <property name="image-style" type="int" value="5"/>
          <property name="last-image" type="string" value="/usr/share/backgrounds/kali-16x9/default"/>
        </property>
        <property name="workspace1" type="empty">
          <property name="color-style" type="int" value="0"/>
          <property name="image-style" type="int" value="5"/>
          <property name="last-image" type="string" value="/usr/share/backgrounds/kali-16x9/default"/>
        </property>
        <property name="workspace2" type="empty">
          <property name="color-style" type="int" value="0"/>
          <property name="image-style" type="int" value="5"/>
          <property name="last-image" type="string" value="/usr/share/backgrounds/kali-16x9/default"/>
        </property>
        <property name="workspace3" type="empty">
          <property name="color-style" type="int" value="0"/>
          <property name="image-style" type="int" value="5"/>
          <property name="last-image" type="string" value="/usr/share/backgrounds/kali-16x9/default"/>
        </property>
      </property>
    </property>
  </property>
  <property name="desktop-icons" type="empty">
    <property name="style" type="int" value="0"/>
    <property name="file-icons" type="empty">
      <property name="show-home" type="empty"/>
      <property name="show-filesystem" type="empty"/>
      <property name="show-removable" type="empty"/>
      <property name="show-trash" type="empty"/>
    </property>
    <property name="icon-size" type="empty"/>
    <property name="tooltip-size" type="empty"/>
  </property>
  <property name="last" type="empty">
    <property name="window-width" type="int" value="641"/>
    <property name="window-height" type="int" value="527"/>
  </property>
</channel>
