<?xml version="1.0" encoding="UTF-8"?>

<channel name="xsettings" version="1.0">
  <property name="Net" type="empty">
    <property name="ThemeName" type="string" value="Everblush"/>
    <property name="IconThemeName" type="string" value="Nordzy-cyan-dark-MOD"/>
  </property>
  <property name="Xft" type="empty">
    <property name="HintStyle" type="empty"/>
    <property name="Hinting" type="empty"/>
    <property name="RGBA" type="empty"/>
    <property name="Antialias" type="empty"/>
    <property name="DPI" type="int" value="96"/>
  </property>
  <property name="Gtk" type="empty">
    <property name="CursorThemeName" type="string" value="Radioactive-nord"/>
    <property name="CursorThemeSize" type="empty"/>
    <property name="FontName" type="string" value="Roboto 10"/>
    <property name="MonospaceFontName" type="string" value="JetBrainsMono Nerd Font Mono 10"/>
    <property name="ButtonImages" type="empty"/>
    <property name="MenuImages" type="empty"/>
    <property name="DecorationLayout" type="string" value=":"/>
  </property>
  <property name="Xfce" type="empty">
    <property name="LastCustomDPI" type="int" value="96"/>
  </property>
</channel>
